Comment,Designator,Footprint,JLCPCB Part #ï¼ˆoptional),Item,Qty
DNP,AE1,DNP,DNP,1,1
DNP,AE2,DNP,DNP,2,1
DNP,BT1,DNP,DNP,3,1
DNP,BT2,DNP,DNP,4,1
CC0402KRX5R6BB105,"C1, C3, C5, C14, C26, C28, C32, C46",monkeys20221112:C_0402_1005Metric,C106254,5,8
TAJC107K010RNJ,"C2, C11",monkeys20221112:CP_EIA-6032-20_AVX-F,C8649,6,2
CL05B104KB54PNC,"C4, C6, C7, C12, C17, C18, C19, C20, C21, C25, C31, C38, C44",monkeys20221112:C_0402_1005Metric,C307331,7,13
CC0805KKX7R7BB394,"C8, C9",monkeys20221112:C_0805_2012Metric,C327132,8,2
CC0603KRX5R6BB106,"C10, C27",monkeys20221112:C_0603_1608Metric,C326057,9,2
6TPC330MA,"C13, C16",Capacitor_Tantalum_SMD:CP_EIA-7343-31_Kemet-D,C558795,10,2
0402CG101J500NT,C15,Capacitor_SMD:C_0402_1005Metric,C1546,11,1
0402B223K500NT,"C22, C39",monkeys20221112:C_0402_1005Metric,C1532,12,2
0402CG220J500NT,"C23, C24, C36, C37",monkeys20221112:C_0402_1005Metric,C1555,13,4
C0805X6S226M6R3NT,"C29, C30",monkeys20221112:C_0805_2012Metric,C2835558,14,2
CC0805KKX7R8BB105,C33,monkeys20221112:C_0805_2012Metric,C91186,15,1
CC0603KRX5R6BB475,"C34, C35, C40",monkeys20221112:C_0603_1608Metric,C109456,16,3
CL05B103KB5NNNC,C41,monkeys20221112:C_0402_1005Metric,C15195,17,1
C1005X5R474KDTS,"C42, C43",monkeys20221112:C_0402_1005Metric,C147712,18,2
LMK105ABJ225MVHF,C45,monkeys20221112:C_0402_1005Metric,C386041,19,1
TJ-S1005SW4TGLC6B-A5,D1,monkeys20221112:LED_0402_1005Metric,C273603,20,1
SK6812D-EC3210R,"D2, D3, D4, D5, D6, D7, D8",monkeys20221112:SK6812D-EC3210R,C2890041,21,7
17-215SYGC/S530-E2/TR8,"D9, D12",monkeys20221112:LED_0805_2012Metric,C282125,22,2
19-217/R6C-AL1M2VY/3T,D10,monkeys20221112:LED_0603_1608Metric,C72044,23,1
MHT153IRCT,D11,monkeys20221112:LED_1206_3216Metric,C2764887,24,1
DNP,DRA1,DNP,DNP,25,1
SZ1608K252CTF,"FB3, FB4",Capacitor_SMD:C_0603_1608Metric,C316340,26,2
DNP,H1,DNP,DNP,27,1
DNP,H2,DNP,DNP,28,1
DNP,HS1,DNP,DNP,29,1
SI4702-C19-GM,IC1,monkeys20221112:SI4702C19GM,C2155666,30,1
DNP,J1,DNP,DNP,31,1
DNP,J2,DNP,DNP,32,1
DNP,J3,DNP,DNP,33,1
PJ-320D-4A,J4,monkeys20221112:Jack_3.5mm_PJ320D_Horizontal,C95562,34,1
10118194-0001LF,J5,monkeys20221112:AMPHENOL_10118194-0001LF_JT,C132563,35,1
DNP,JP1,DNP,DNP,36,1
DNP,"JP2, JP5, R32, R35",DNP,DNP,37,4
DNP,JP3,DNP,DNP,38,1
DNP,JP4,DNP,DNP,39,1
,JP6,Jumper:SolderJumper-2_P1.3mm_Open_RoundedPad1.0x1.5mm,,40,1
DNP,JP9,monkeys20221112:SolderJumper-3_P1.3mm_Bridged12_RoundedPad1.0x1.5mm,DNP,41,1
DNP,JP10,monkeys20221112:SolderJumper-3_P1.3mm_Bridged12_RoundedPad1.0x1.5mm,DNP,42,1
DNP,JP12,monkeys20221112:SolderJumper-3_P1.3mm_Bridged12_RoundedPad1.0x1.5mm,DNP,43,1
DNP,JP13,monkeys20221112:SolderJumper-3_P1.3mm_Bridged12_RoundedPad1.0x1.5mm,DNP,44,1
DNP,JP14,monkeys20221112:SolderJumper-3_P1.3mm_Bridged12_RoundedPad1.0x1.5mm,DNP,45,1
DNP,JP15,monkeys20221112:SolderJumper-3_P1.3mm_Bridged12_RoundedPad1.0x1.5mm,DNP,46,1
SCHF160808HR27JT,L1,monkeys20221112:L_0603_1608Metric_Pad1.05x0.95mm_HandSolder,C578010,47,1
MLP2012S4R7MT0S1,L2,monkeys20221112:L_0603_1608Metric_Pad1.05x0.95mm_HandSolder,C87543,48,1
MLP2012S4R7MT0S1,L3,monkeys20221112:L_0603_1608Metric_Pad1.05x0.95mm_HandSolder,C87543,49,1
CMLW4018S220MST,L4,Inductor_SMD:L_Bourns-SRN4018,C2685720,50,1
DNP,LCD1,DNP,DNP,51,1
BSS138W-7-F,Q1,monkeys20221112:SOT-323_SC-70,C24553,52,1
SI2302,Q2,monkeys20221112:SOT-23,C351399,53,1
MMBT3904,"Q3, Q4, Q5, Q6",monkeys20221112:SOT-23,C20526,54,4
0402WGF330JTCE,"R1, R7",monkeys20221112:R_0402_1005Metric,C25105,55,2
RC0805FR-071K5L,R2,monkeys20221112:R_0805_2012Metric,C114555,56,1
RC0603FR-071K33L,R3,monkeys20221112:R_0603_1608Metric,C137778,57,1
RC0805JR-071KL,"R4, R5, R6",monkeys20221112:R_0805_2012Metric,C100046,58,3
RC0603FR-072K4L,"R8, R9, R26, R27, R28, R29",monkeys20221112:R_0603_1608Metric,C114611,59,6
0402WGF4700TCE,"R10, R30",monkeys20221112:R_0402_1005Metric,C25117,60,2
0402WGF2002TCE,"R11, R14, R15, R16",monkeys20221112:R_0402_1005Metric,C25765,61,4
RC0402FR-0710KL,"R12, R13, R20, R21, R22, R31, R36, R37",monkeys20221112:R_0402_1005Metric,C60490,62,8
RC0402FR-0730KL,"R17, R18",monkeys20221112:R_0402_1005Metric,C138008,63,2
RC0402FR-0712KL,R19,monkeys20221112:R_0402_1005Metric,C114760,64,1
0402WGF1003TCE,"R23, R24, R40",monkeys20221112:R_0402_1005Metric,C25741,65,3
0402WGF1004TCE,"R33, R34",monkeys20221112:R_0402_1005Metric,C26083,66,2
NQ02WGF2211TCE,R38,monkeys20221112:R_0402_1005Metric,C270376,67,1
AF0402FR-07150KL,R39,monkeys20221112:R_0402_1005Metric,C144033,68,1
DNP,"SAO1, SAO2",DNP,DNP,69,2
TSA063G50-250,"SW1, SW2, SW3, SW4",monkeys20221112:SW_SPST_PTS645,C294565,70,4
MSK12C02-HB,"SW5, SW7",monkeys20221112:SPDT Switch MSK12C02-HB,C431541,71,2
TS-1187A-B-A-B,SW6,JTFooties:Button_metal,C318884,72,1
DNP,TP1,DNP,DNP,73,1
BQ24072RGTR,U1,monkeys20221112:VQFN-16-1EP_3x3mm_P0.5mm_EP1.6x1.6mm,C140288,74,1
RT9080-33GJ5,U2,monkeys20221112:SOT-23-5,C841192,75,1
CH340C,U3,monkeys20221112:SOIC-16_3.9x9.9mm_P1.27mm,C84681,76,1
LM4808MX/NOPB,U4,monkeys20221112:SOIC-8_3.9x4.9mm_P1.27mm,C141374,77,1
IRM-H638T/TR2(DX),U5,monkeys20221112:IRM-H638T-TR2,C390031,78,1
ESP32-WROOM-32E(8MB),U6,monkeys20221112:ESP32-WROOM-32,C701342,79,1
ME2188C33M5G,U7,Package_TO_SOT_SMD:SOT-23-5,C526185,80,1
MAX9814ETD+T,U8,Package_DFN_QFN:DFN-14-1EP_3x3mm_P0.4mm_EP1.78x2.35mm,C41714,81,1
SF32WK32768D31T002,"Y1, Y2",monkeys20221112:Crystal_SMD_3215-2Pin_3.2x1.5mm,C271654,82,2
